iter,method,rel_true_residual
0,BDDC,7.851893898012e-02
1,BDDC,2.309778716245e-03
2,BDDC,2.158470393016e-04
3,BDDC,5.114865238023e-05
4,BDDC,7.288181009087e-06
5,BDDC,7.372215548515e-07
0,FETI-DP,1.763445065160e-02
1,FETI-DP,4.075812540017e-03
2,FETI-DP,8.442037179976e-04
3,FETI-DP,9.486803094661e-05
4,FETI-DP,3.235955097454e-05
5,FETI-DP,5.070758828778e-06
6,FETI-DP,4.783339805796e-07
7,FETI-DP,8.104248956353e-08
