iter,method,rel_true_residual
0,BDDC,9.404535771843e-02
1,BDDC,2.318566451691e-03
2,BDDC,1.916694283341e-04
3,BDDC,3.789267129249e-05
4,BDDC,5.822674315446e-06
0,FETI-DP,1.669396646341e-02
1,FETI-DP,2.743250433135e-03
2,FETI-DP,6.413073374338e-04
3,FETI-DP,6.469621413449e-05
4,FETI-DP,1.607838928228e-05
5,FETI-DP,2.927055227125e-06
6,FETI-DP,1.476141230918e-07
